Epoch,Train Accuracy,Train Loss,Test Accuracy,Test Loss
1,30.297278364987886,3.5641047805153625,60.24835871142571,1.1996706100366283
2,70.16893338209653,0.8699194006600451,96.19301419452997,0.12736511435481215
3,92.45792076495682,0.2902193267864374,96.14096750596823,0.13493318992403378
